 National Aeronautics and Space Administration (NASA),,,,
,,,,
Policy and history,History,"NACA (1915)
National Aeronautics and Space Act (1958)
Paine (1986)
Rogers (1986)
Ride (1987)
Space Exploration Initiative (1989)
Augustine (1990)
U.S. National Space Policy (1996)
CFUSAI (2002)
CAIB (2003)
Vision for Space Exploration (2004)
Aldridge (2004)
Augustine (2009)",, 
,,,,
,General,"Space Race
Administrator and Deputy Administrator
Chief Scientist
Astronaut Corps
Budget
Spin-off technologies
NASA TV
NASA Social
Launch Services Program",,
,,,,
Robotic programs,Past,"Hitchhiker
Mariner
Mariner Mark II
MESUR
Mars Surveyor '98
New Millennium
Lunar Orbiter
Pioneer
Planetary Observer
Ranger
Surveyor
Viking
Project Prometheus
Mars Scout",,
,,,,
,Current,"Living With a Star
Lunar Precursor Robotic Program
Earth Observing System
Great Observatories program
Explorer
Small explorer
Voyager
Discovery
New Frontiers
Mars Exploration Rover",,
,,,,
"Human spaceflight
programs",Past,"X-15 (suborbital)
Mercury
Gemini
Apollo
Apollo–Soyuz Test Project (with USSR)
Skylab
Shuttle–Mir (with Russia)
Space Shuttle program
Constellation program",,
,,,,
,Current,"International Space Station program
Commercial Orbital Transportation Services (COTS)
Commercial Crew Development (CCDev)
Orion",,
,,,,
"Individual
featured missions
(human and robotic)",Past,"COBE
Apollo 11
Mercury 3
Mercury-Atlas 6
Magellan
Pioneer 10/11
Galileo
GALEX
GRAIL
WMAP
Space Shuttle",,
,,,,
,"Currently
operating","MRO
Mars Odyssey
MESSENGER
Dawn
New Horizons
Kepler
International Space Station
Hubble Space Telescope
Spitzer
RHESSI
SWIFT
THEMIS
Mars Exploration Rover
Curiosity rover 
timeline
Opportunity rover 
observed
Cassini
GOES 14
Lunar Reconnaissance Orbiter
LADEE
GOES 15
Van Allen Probes
SDO
Aquarius
Juno
Mars Science Laboratory 
timeline
NuSTAR
Voyager 1/2
WISE
MAVEN (en route)",,
,,,,
,Future,"NPP
James Webb Space Telescope
WFIRST
InSight
OSIRIS-REx
MMS
Asteroid Retrieval and Utilization
Mars 2020 rover mission
Transiting Exoplanet Survey Satellite",,
,,,,
Space Comm and Nav,"Space Network
Near Earth Network
Deep Space Network (Goldstone
Madrid
Canberra)",,,
,,,,
NASA lists,"List of astronauts by name 
by year
List of NASA aircraft
List of NASA missions
List of NASA contractors
List of United States rockets
List of NASA cancellations
List of NASA websites",,,
